{"cameraMode":{"drawMode":0,"name":"Shaded","section":"Shading Mode"},"sceneLighting":true,"audioPlay":false,"sceneViewState":{"m_AlwaysRefresh":false,"showFog":true,"showSkybox":true,"showFlares":true,"showImageEffects":true,"showParticleSystems":true,"showVisualEffectGraphs":true,"m_FxEnabled":true},"in2DMode":false,"pivot":{"x":-0.9086681604385376,"y":-24.887773513793947,"z":146.49525451660157},"rotation":{"x":-0.09664452821016312,"y":-0.003870106767863035,"z":0.0005400747759267688,"w":-0.9951909184455872},"size":79.2594985961914,"orthographic":false}