{"cameraMode":{"drawMode":0,"name":"Shaded","section":"Shading Mode"},"sceneLighting":false,"audioPlay":false,"sceneViewState":{"m_AlwaysRefresh":false,"showFog":true,"showSkybox":false,"showFlares":true,"showImageEffects":true,"showParticleSystems":true,"showVisualEffectGraphs":true,"m_FxEnabled":true},"in2DMode":false,"pivot":{"x":-0.05723964050412178,"y":1.1895042657852173,"z":0.26702889800071719},"rotation":{"x":0.03228471428155899,"y":0.9673624038696289,"z":-0.18686282634735108,"w":0.16735713183879853},"size":1.313855767250061,"orthographic":false}